audit_name,settings,operator,remediation
"1.1.1 (L1) Ensure 'Enforce password history' is set to '24 or more password(s)' (Automated)",24,>=,"To establish the recommended configuration via GP, set the following UI path to 24 or more password(s): Computer Configuration\Policies\Windows Settings\Security Settings\Account Policies\Password Policy\Enforce password history"
"1.1.2 (L1) Ensure 'Maximum password age' is set to '365 or fewer days, but not 0' (Automated)","0 < x <= 365",expression,"Set to 365 or fewer days, but not 0"
"1.1.3 (L1) Ensure 'Minimum password age' is set to '1 or more day(s)' (Automated)",1,>=,"To establish the recommended configuration via GP, set the following UI path to 1 or more day(s): Computer Configuration\Policies\Windows Settings\Security Settings\Account Policies\Password Policy\Minimum password age"
"1.1.4 (L1) Ensure 'Minimum password length' is set to '14 or more character(s)' (Automated)",14,>=,"To establish the recommended configuration via GP, set the following UI path to 14 or more character(s): Computer Configuration\Policies\Windows Settings\Security Settings\Account Policies\Password Policy\Minimum password length "
"1.1.5 (L1) Ensure 'Password must meet complexity requirements' is set to 'Enabled' (Automated)","Enabled",==,"To establish the recommended configuration via GP, set the following UI path to Enabled: Computer Configuration\Policies\Windows Settings\Security Settings\Account Policies\Password Policy\Password must meet complexity requirements"
"1.1.6 (L1) Ensure 'Relax minimum password length limits' is set to 'Enabled' (Automated)","Enabled",==,"To establish the recommended configuration via GP, set the following UI path to Enabled: Computer Configuration\Policies\Windows Settings\Security Settings\Account Policies\Password Policy\Relax minimum password length limits"
"1.1.7 (L1) Ensure 'Store passwords using reversible encryption' is set to 'Disabled' (Automated)","Disabled",==,"To establish the recommended configuration via GP, set the following UI path to Disabled: Computer Configuration\Policies\Windows Settings\Security Settings\Account Policies\Password Policy\Store passwords using reversible encryption"
"1.2.1 (L1) Ensure 'Account lockout duration' is set to '15 or more minute(s)' (Automated)",15,>=,"To establish the recommended configuration via GP, set the following UI path to 15 or more minute(s): Computer Configuration\Policies\Windows Settings\Security Settings\Account Policies\Account Lockout Policy\Account lockout duration"
"1.2.2 (L1) Ensure 'Account lockout threshold' is set to '5 or fewer invalid logon attempt(s), but not 0' (Automated)",0<x<=5,expression,"Set 'Account lockout threshold' to 5 or fewer (but not 0) using Group Policy Editor."
"1.2.3 (L1) Ensure 'Allow Administrator account lockout' is set to 'Enabled' (Manual)","Enabled",==,"To establish the recommended configuration via GP, set the following UI path to Enabled: Computer Configuration\Policies\Windows Settings\Security Settings\Account Policies\Account Lockout Policies\Allow Administrator account lockout"
"1.2.4 (L1) Ensure 'Reset account lockout counter after' is set to '15 or more minute(s)' (Automated)",15,>=,"To establish the recommended configuration via GP, set the following UI path to 15 or more minutes: Computer Configuration\Policies\Windows Settings\Security Settings\Account Policies\Account Lockout Policy\Reset account lockout counter after"
"2.2.1 (L1) Ensure 'Access Credential Manager as a trusted caller' is set to 'No One' (Automated)","No One, ",one_of,"To establish the recommended configuration via GP, set the following UI path to No One: Computer Configuration\Policies\Windows Settings\Security Settings\Local Policies\User Rights Assignment\Access Credential Manager as a trusted caller"
"2.2.2 (L1) Ensure 'Access this computer from the network' is set to 'Administrators, Remote Desktop Users' (Automated)","Administrators, Remote Desktop Users",only,"Ensure only 'Administrators' and 'Remote Desktop Users' are granted this right using Local Security Policy."
"2.2.3 (L1) Ensure 'Act as part of the operating system' is set to 'No One' (Automated)","No One, ",one_of,"To establish the recommended configuration via GP, set the following UI path to No One: Computer Configuration\Policies\Windows Settings\Security Settings\Local Policies\User Rights Assignment\Act as part of the operating system"
"2.2.4 (L1) Ensure 'Adjust memory quotas for a process' is set to 'Administrators, LOCAL SERVICE, NETWORK SERVICE' (Automated)","Administrators, LOCAL SERVICE, NETWORK SERVICE",only,"To establish the recommended configuration via GP, set the following UI path to Administrators, LOCAL SERVICE, NETWORK SERVICE: Computer Configuration\Policies\Windows Settings\Security Settings\Local Policies\User Rights Assignment\Adjust memory quotas for a process"
"2.2.5 (L1) Ensure 'Allow log on locally' is set to 'Administrators, Users' (Automated)","Administrators, Users",only,"Ensure only 'Administrators' and 'Users' are granted the 'Allow log on locally' right using Local Security Policy."
"2.2.6 (L1) Ensure 'Allow log on through Remote Desktop Services' is set to 'Administrators, Remote Desktop Users' (Automated)","Administrators, Remote Desktop Users",only,"To establish the recommended configuration via GP, set the following UI path to Administrators, Remote Desktop Users: Computer Configuration\Policies\Windows Settings\Security Settings\Local Policies\User Rights Assignment\Allow log on through Remote Desktop Services"
"2.2.7 (L1) Ensure 'Back up files and directories' is set to 'Administrators' (Automated)","Administrators",only,"Ensure only 'Administrators' have the right to back up files and directories using Local Security Policy."
"2.2.8 (L1) Ensure 'Change the system time' is set to 'Administrators, LOCAL SERVICE' (Automated)","Administrators, LOCAL SERVICE",only,"Grant the 'Change the system time' right to 'Administrators' and 'LOCAL SERVICE' using Local Security Policy."
"2.2.9 (L1) Ensure 'Change the time zone' is set to 'Administrators, LOCAL SERVICE, Users' (Automated)","Administrators, LOCAL SERVICE, Users",only,"Grant the 'Change the time zone' right to 'Administrators', 'LOCAL SERVICE', and 'Users' using Local Security Policy."
"2.2.10 (L1) Ensure 'Create a pagefile' is set to 'Administrators' (Automated)","Administrators",only,"To establish the recommended configuration via GP, set the following UI path to Administrators: Computer Configuration\Policies\Windows Settings\Security Settings\Local Policies\User Rights Assignment\Create a pagefile"
"2.2.11 (L1) Ensure 'Create a token object' is set to 'No One' (Automated)","No One, ",one_of,"To establish the recommended configuration via GP, set the following UI path to No One: Computer Configuration\Policies\Windows Settings\Security Settings\Local Policies\User Rights Assignment\Create a token object"
"2.2.12 (L1) Ensure 'Create global objects' is set to 'Administrators, LOCAL SERVICE, NETWORK SERVICE, SERVICE' (Automated)","Administrators, LOCAL SERVICE, NETWORK SERVICE, SERVICE",only,"To establish the recommended configuration via GP, set the following UI path to Administrators, LOCAL SERVICE, NETWORK SERVICE, SERVICE: Computer Configuration\Policies\Windows Settings\Security Settings\Local Policies\User Rights Assignment\Create global objects"
"2.2.13 (L1) Ensure 'Create permanent shared objects' is set to 'No One' (Automated)","No One, ",one_of,"To establish the recommended configuration via GP, set the following UI path to No One: Computer Configuration\Policies\Windows Settings\Security Settings\Local Policies\User Rights Assignment\Create permanent shared objects"
"2.2.14 (L1) Configure 'Create symbolic links' (Automated)","Administrators",only,"To implement the recommended configuration state, configure the following UI path: Computer Configuration\Policies\Windows Settings\Security Settings\Local Policies\User Rights Assignment\Create symbolic links"
"2.2.15 (L1) Ensure 'Debug programs' is set to 'Administrators' (Automated)","Administrators",only,"Set 'Debug programs' to 'Administrators' under Computer Configuration\\Policies\\Windows Settings\\Security Settings\\Local Policies\\User Rights Assignment"
"2.2.16 (L1) Ensure 'Deny access to this computer from the network' to include 'Guests' (Automated)","Guest",only,"Include 'Guests' in 'Deny access to this computer from the network' under Computer Configuration\\Policies\\Windows Settings\\Security Settings\\Local Policies\\User Rights Assignment"
"2.2.17 (L1) Ensure 'Deny log on as a batch job' to include 'Guests' (Automated)","Guest",only,"Include 'Guests' in 'Deny log on as a batch job' under Computer Configuration\\Policies\\Windows Settings\\Security Settings\\Local Policies\\User Rights Assignment"
"2.2.18 (L1) Ensure 'Deny log on as a service' to include 'Guests' (Automated)","Guest",only,"Include 'Guests' in 'Deny log on as a service' under Computer Configuration\\Policies\\Windows Settings\\Security Settings\\Local Policies\\User Rights Assignment"
"2.2.19 (L1) Ensure 'Deny log on locally' to include 'Guests' (Automated)","Guest",only,"Include 'Guests' in 'Deny log on locally' under Computer Configuration\\Policies\\Windows Settings\\Security Settings\\Local Policies\\User Rights Assignment"
"2.2.20 (L1) Ensure 'Deny log on through Remote Desktop Services' to include 'Guests' (Automated)","Guest",only,"Include 'Guests' in 'Deny log on through Remote Desktop Services' under Computer Configuration\\Policies\\Windows Settings\\Security Settings\\Local Policies\\User Rights Assignment"
"2.2.21 (L1) Ensure 'Enable computer and user accounts to be trusted for delegation' is set to 'No One' (Automated)","No One,", ,one_of,To establish the recommended configuration via GP, set the following UI path to No One: Computer Configuration\Policies\Windows Settings\Security Settings\Local Policies\User Rights Assignment\Enable computer and user accounts to be trusted for delegation
"2.2.22 (L1) Ensure 'Force shutdown from a remote system' is set to 'Administrators' (Automated)",Administrators,only,To establish the recommended configuration via GP, set the following UI path to Administrators: Computer Configuration\Policies\Windows Settings\Security Settings\Local Policies\User Rights Assignment\Force shutdown from a remote system
"2.2.23 (L1) Ensure 'Generate security audits' is set to 'LOCAL SERVICE, NETWORK SERVICE' (Automated)","LOCAL SERVICE, NETWORK SERVICE",only,To establish the recommended configuration via GP, set the following UI path to LOCAL SERVICE, NETWORK SERVICE: Computer Configuration\Policies\Windows Settings\Security Settings\Local Policies\User Rights Assignment\Generate security audits
"2.2.24 (L1) Ensure 'Impersonate a client after authentication' is set to 'Administrators, LOCAL SERVICE, NETWORK SERVICE, SERVICE' (Automated)","Administrators, LOCAL SERVICE, NETWORK SERVICE, SERVICE",only,To establish the recommended configuration via GP, set the following UI path to Administrators, LOCAL SERVICE, NETWORK SERVICE, SERVICE: Computer Configuration\Policies\Windows Settings\Security Settings\Local Policies\User Rights Assignment\Impersonate a client after authentication
"2.2.25 (L1) Ensure 'Increase scheduling priority' is set to 'Administrators, Window Manager\Window Manager Group' (Automated)","Administrators, Window Manager\Window Manager Group",only,To establish the recommended configuration via GP, set the following UI path to Administrators, Window Manager\Window Manager Group: Computer Configuration\Policies\Windows Settings\Security Settings\Local Policies\User Rights Assignment\Increase scheduling priority
2.2.26 (L1) Ensure 'Load and unload device drivers' is set to 'Administrators' (Automated),Administrators,only,To establish the recommended configuration via GP, set the following UI path to Administrators: Computer Configuration\Policies\Windows Settings\Security Settings\Local Policies\User Rights Assignment\Load and unload device drivers
2.2.27 (L1) Ensure 'Lock pages in memory' is set to 'No One' (Automated),"No One,",one_of,"To establish the recommended configuration via GP, set the following UI path to No One: Computer Configuration\Policies\Windows Settings\Security Settings\Local Policies\User Rights Assignment\Lock pages in memory"
2.2.28 (L2) Ensure 'Log on as a batch job' is set to 'Administrators' (Automated),Administrators,only,To establish the recommended configuration via GP, set the following UI path to Administrators: Computer Configuration\Windows Settings\Security Settings\Local Policies\User Rights Assignment\Log on as a batch job
2.2.29 (L2) Configure 'Log on as a service' (Automated),only,"NT VIRTUAL MACHINE\Virtual Machines,WDAGUtilityAccount","To establish the recommended configuration via GP, set the following UI path to No One (or add NT VIRTUAL MACHINE\Virtual Machines or WDAGUtilityAccount if applicable): Computer Configuration\Windows Settings\Security Settings\Local Policies\User Rights Assignment\Log on as a service"
2.2.30 (L1) Ensure 'Manage auditing and security log' is set to 'Administrators' (Automated),Administrators,only,To establish the recommended configuration via GP, set the following UI path to Administrators: Computer Configuration\Policies\Windows Settings\Security Settings\Local Policies\User Rights Assignment\Manage auditing and security log
2.2.31 (L1) Ensure 'Modify an object label' is set to 'No One' (Automated),"No One,",one_of,To establish the recommended configuration via GP, set the following UI path to No One: Computer Configuration\Policies\Windows Settings\Security Settings\Local Policies\User Rights Assignment\Modify an object label
"2.2.32 (L1) Ensure 'Modify firmware environment values' is set to 'Administrators' (Automated)","Administrators",only,"Set 'Modify firmware environment values' to only 'Administrators' via Group Policy: Computer Configuration\\Policies\\Windows Settings\\Security Settings\\Local Policies\\User Rights Assignment\\Modify firmware environment values"
"2.2.33 (L1) Ensure 'Perform volume maintenance tasks' is set to 'Administrators' (Automated)","Administrators",only,"Set 'Perform volume maintenance tasks' to only Administrators and specified MSSQL services via Group Policy"
"2.2.34 (L1) Ensure 'Profile single process' is set to 'Administrators' (Automated)","Administrators",only,"Set 'Profile single process' to only 'Administrators' via Group Policy"
"2.2.35 (L1) Ensure 'Profile system performance' is set to 'Administrators, NT SERVICE\\WdiServiceHost' (Automated)","Administrators, NT SERVICE\\WdiServiceHost",only,"Set 'Profile system performance' to only Administrators and NT SERVICE\\WdiServiceHost via Group Policy"
"2.2.36 (L1) Ensure 'Replace a process level token' is set to 'LOCAL SERVICE, NETWORK SERVICE' (Automated)","LOCAL SERVICE, NETWORK SERVICE",only,"Set 'Replace a process level token' to only LOCAL SERVICE, NETWORK SERVICE, and listed SQL Agent services via Group Policy"
"2.2.37 (L1) Ensure 'Restore files and directories' is set to 'Administrators' (Automated)","Administrators",only,"Set 'Restore files and directories' to only Administrators and Backup Operators via Group Policy"
"2.2.38 (L1) Ensure 'Shut down the system' is set to 'Administrators, Users' (Automated)","Administrators, Users",only,"Set 'Shut down the system' to only Administrators, Users, Backup Operators via Group Policy"
"2.2.39 (L1) Ensure 'Take ownership of files or other objects' is set to 'Administrators' (Automated)","Administrators",only,"Set 'Take ownership of files or other objects' to only Administrators via Group Policy"
"2.3.1.1 (L1) Ensure 'Accounts: Block Microsoft accounts' is set to 'Users can't add or log on with Microsoft accounts' (Automated)",Users can't add or log on with Microsoft accounts,"only","Set via Group Policy: Computer Configuration\Policies\Windows Settings\Security Settings\Local Policies\Security Options\Accounts: Block Microsoft accounts → Users can't add or log on with Microsoft accounts"
"2.3.1.2 (L1) Ensure 'Accounts: Guest account status' is set to 'Disabled' (Automated)",Disabled,==,"Set via Group Policy: Computer Configuration\Policies\Windows Settings\Security Settings\Local Policies\Security Options\Accounts: Guest account status → Disabled"
"2.3.1.3 (L1) Ensure 'Accounts: Limit local account use of blank passwords to console logon only' is set to 'Enabled' (Automated)",Enabled,==,"Set via Group Policy: Computer Configuration\Policies\Windows Settings\Security Settings\Local Policies\Security Options\Accounts: Limit local account use of blank passwords to console logon only → Enabled"
"2.3.1.4 (L1) Configure 'Accounts: Rename administrator account' (Automated)",<custom_name>,!=,"Set via Group Policy: Computer Configuration\Policies\Windows Settings\Security Settings\Local Policies\Security Options\Accounts: Rename administrator account → Change from 'Administrator' to a non-default name"
"2.3.1.5 (L1) Configure 'Accounts: Rename guest account' (Automated)",<custom_name>,!=,"Set via Group Policy: Computer Configuration\Policies\Windows Settings\Security Settings\Local Policies\Security Options\Accounts: Rename guest account → Change from 'Guest' to a non-default name"
"2.3.2.1 (L1) Ensure 'Audit: Force audit policy subcategory settings (Windows Vista or later) to override audit policy category settings' is set to 'Enabled' (Automated)","1","==","To establish the recommended configuration via GP, set the following UI path to Enabled: Computer Configuration\Policies\Windows Settings\Security Settings\Local Policies\Security Options\Audit: Force audit policy subcategory settings (Windows Vista or later) to override audit policy category settings "
"2.3.2.2 (L1) Ensure 'Audit: Shut down system immediately if unable to log security audits' is set to 'Disabled' (Automated)","Disabled","==","To establish the recommended configuration via GP, set the following UI path to Disabled: Computer Configuration\Policies\Windows Settings\Security Settings\Local Policies\Security Options\Audit: Shut down system immediately if unable tolog security audits "
"2.3.4.1 (L2) Ensure 'Devices: Prevent users from installing printer drivers' is set to 'Enabled' (Automated)","Enabled","==","To establish the recommended configuration via GP, set the following UI path to Enabled: Computer Configuration\Policies\Windows Settings\Security Settings\Local Policies\Security Options\Devices: Prevent users from installing printer drivers"
"2.3.7.1 (L1) Ensure 'Interactive logon: Do not require CTRL+ALT+DEL' is set to 'Disabled' (Automated)","Disabled","==","To establish the recommended configuration via GP, set the following UI path to Disabled: Computer Configuration\Policies\Windows Settings\Security Settings\Local Policies\Security Options\Interactive logon: Do not require CTRL+ALT+DEL"
"2.3.7.2 (L1) Ensure 'Interactive logon: Don't display last signed-in' is set to 'Enabled' (Automated)","Enabled","==","To establish the recommended configuration via GP, set the following UI path to Enabled: Computer Configuration\Policies\Windows Settings\Security Settings\Local Policies\Security Options\Interactive logon: Don't display last signed-in"
"2.3.7.3 (BL) Ensure 'Interactive logon: Machine account lockout threshold' is set to '10 or fewer invalid logon attempts, but not 0' (Automated)","0 < x <= 10","expression","To establish the recommended configuration via GP, set the following UI path to 10 or fewer invalid logon attempts, but not 0: Computer Configuration\Policies\Windows Settings\Security Settings\Local Policies\Security Options\Interactive logon: Machine account lockout threshold"
"2.3.7.4 (L1) Ensure 'Interactive logon: Machine inactivity limit' is set to '900 or fewer second(s), but not 0' (Automated)","0 < x <= 900","<=","To establish the recommended configuration via GP, set the following UI path to 900 or fewer seconds, but not 0: Computer Configuration\Policies\Windows Settings\Security Settings\Local Policies\Security Options\Interactive logon: Machine inactivity limit"
"2.3.7.5 (L1) Configure 'Interactive logon: Message text for users attempting to log on' (Automated)","[text]","!=","To establish the recommended configuration via GP, configure the following UI path to a value that is consistent with the security and operational requirements of your organization: Computer Configuration\Policies\Windows Settings\Security Settings\Local Policies\Security Options\Interactive logon: Message text for users attempting to log on"
"2.3.7.6 (L1) Configure 'Interactive logon: Message title for users attempting to log on' (Automated)","[text]","!=","To establish the recommended configuration via GP, configure the following UI path to a value that is consistent with the security and operational requirements of your organization: Computer Configuration\Policies\Windows Settings\Security Settings\Local Policies\Security Options\Interactive logon: Message title for users attempting to log on"
"2.3.7.7 (L1) Ensure 'Interactive logon: Prompt user to change password before expiration' is set to 'between 5 and 14 days' (Automated)","5<= x <= 14","expression","To establish the recommended configuration via GP, set the following UI path to a value between 5 and 14 days: Computer Configuration\Policies\Windows Settings\Security Settings\Local Policies\Security Options\Interactive logon: Prompt user to change password before expiration"
"2.3.7.8 (L1) Ensure 'Interactive logon: Smart card removal behavior' is set to 'Lock Workstation' or higher (Automated)","1,2,3","as","To establish the recommended configuration via GP, set the following UI path to Lock Workstation (or, if applicable, Force Logoff or Disconnect if a Remote Desktop Services session): Computer Configuration\Policies\Windows Settings\Security Settings\Local Policies\Security Options\Interactive logon: Smart card removal behavior"
"2.3.8.1 Microsoft network client: Digitally sign communications (always) is set to 'Enabled' (Automated)","Enabled","==","To establish the recommended configuration via GP, set the following UI path to Enabled: Computer Configuration\Policies\Windows Settings\Security Settings\Local Policies\Security Options\Microsoft network client: Digitally sign communications (always)"
"2.3.8.2 (L1) Ensure 'Microsoft network client: Digitally sign communications (if server agrees)' is set to 'Enabled' (Automated)","Enabled","==","To establish the recommended configuration via GP, set the following UI path to Enabled: Computer Configuration\Policies\Windows Settings\Security Settings\Local Policies\Security Options\Microsoft network client: Digitally sign communications (if server agrees)"
"2.3.8.3 (L1) Ensure 'Microsoft network client: Send unencrypted password to third-party SMB servers' is set to 'Disabled' (Automated)","Disabled","==","To establish the recommended configuration via GP, set the following UI path to Disabled: Computer Configuration\Policies\Windows Settings\Security Settings\Local Policies\Security Options\Microsoft network client: Send unencrypted password to third-party SMB servers"
"2.3.9.1 (L1) Ensure 'Microsoft network server: Amount of idle time required before suspending session' is set to '15 or fewer minute(s)' (Automated)","15","<=","To establish the recommended configuration via GP, set the following UI path to 15 or fewer minute(s): Computer Configuration\Policies\Windows Settings\Security Settings\Local Policies\Security Options\Microsoft network server: Amount of idle time required before suspending session"
"2.3.9.2 (L1) Ensure 'Microsoft network server: Digitally sign communications (always)' is set to 'Enabled' (Automated)","Enabled","==","To establish the recommended configuration via GP, set the following UI path to Enabled: Computer Configuration\Policies\Windows Settings\Security Settings\Local Policies\Security Options\Microsoft network server: Digitally sign communications (always)"
"2.3.9.3 (L1) Ensure 'Microsoft network server: Digitally sign communications (if client agrees)' is set to 'Enabled' (Automated)","Enabled","==","To establish the recommended configuration via GP, set the following UI path to Enabled: Computer Configuration\Policies\Windows Settings\Security Settings\Local Policies\Security Options\Microsoft network server: Digitally sign communications (if client agrees)"
"2.3.9.4 (L1) Ensure 'Microsoft network server: Disconnect clients when logon hours expire' is set to 'Enabled' (Automated)","Enabled","==","To establish the recommended configuration via GP, set the following UI path to Enabled: Computer Configuration\Policies\Windows Settings\Security Settings\Local Policies\Security Options\Microsoft network server: Disconnect clients when logon hours expire"
"2.3.9.5 (L1) Ensure 'Microsoft network server: Server SPN target name validation level' is set to 'Accept if provided by client' or higher (Automated)","Accept if provided by client","only","To establish the recommended configuration via GP, set the following UI path to Accept if provided by client (configuring to Required from client also conforms to the benchmark): Computer Configuration\Policies\Windows Settings\Security Settings\Local Policies\Security Options\Microsoft network server: Server SPN target name validation level"
"2.3.10.1 (L1) Ensure 'Network access: Allow anonymous SID/Name translation' is set to 'Disabled' (Automated)","Disabled","==","Set via GP: Computer Configuration\Policies\Windows Settings\Security Settings\Local Policies\Security Options\Network access: Allow anonymous SID/Name translation to Disabled"
"2.3.10.2 (L1) Ensure 'Network access: Do not allow anonymous enumeration of SAM accounts' is set to 'Enabled' (Automated)","Enabled","==","Set via GP: Computer Configuration\Policies\Windows Settings\Security Settings\Local Policies\Security Options\Network access: Do not allow anonymous enumeration of SAM accounts to Enabled"
"2.3.10.3 (L1) Ensure 'Network access: Do not allow anonymous enumeration of SAM accounts and shares' is set to 'Enabled' (Automated)","Enabled","==","Set via GP: Computer Configuration\Policies\Windows Settings\Security Settings\Local Policies\Security Options\Network access: Do not allow anonymous enumeration of SAM accounts and shares to Enabled"
"2.3.10.4 (L1) Ensure 'Network access: Do not allow storage of passwords and credentials for network authentication' is set to 'Enabled' (Automated)","Enabled","==","Set via GP: Computer Configuration\Policies\Windows Settings\Security Settings\Local Policies\Security Options\Network access: Do not allow storage of passwords and credentials for network authentication to Enabled"
"2.3.10.5 (L1) Ensure 'Network access: Let Everyone permissions apply to anonymous users' is set to 'Disabled' (Automated)","Disabled","==","Set via GP: Computer Configuration\Policies\Windows Settings\Security Settings\Local Policies\Security Options\Network access: Let Everyone permissions apply to anonymous users to Disabled"
"2.3.10.6 (L1) Ensure 'Network access: Named Pipes that can be accessed anonymously' is set to 'None' (Automated)","","==","Set via GP: Computer Configuration\Policies\Windows Settings\Security Settings\Local Policies\Security Options\Network access: Named Pipes that can be accessed anonymously to blank (None)"
"2.3.10.7 (L1) Ensure 'Network access: Remotely accessible registry paths' is configured (Automated)","System\CurrentControlSet\Control\ProductOptions,System\CurrentControlSet\Control\Server Applications,SOFTWARE\Microsoft\Windows NT\CurrentVersion","only","Set via GP: Computer Configuration\Policies\Windows Settings\Security Settings\Local Policies\Security Options\Network access: Remotely accessible registry paths to the default list"
"2.3.10.8 (L1) Ensure 'Network access: Remotely accessible registry paths and sub-paths' is configured (Automated)","System\CurrentControlSet\Control\Print\Printers System\CurrentControlSet\Services\Eventlog Software\Microsoft\OLAP Server Software\Microsoft\Windows NT\CurrentVersion\Print Software\Microsoft\Windows NT\CurrentVersion\Windows System\CurrentControlSet\Control\ContentIndex System\CurrentControlSet\Control\Terminal Server System\CurrentControlSet\Control\Terminal Server\UserConfig System\CurrentControlSet\Control\Terminal Server\DefaultUserConfiguration Software\Microsoft\Windows NT\CurrentVersion\Perflib System\CurrentControlSet\Services\SysmonLog","only","Set the following registry paths under HKLM\SYSTEM\CurrentControlSet\Control\SecurePipeServers\Winreg\AllowedPaths as a REG_MULTI_SZ with the above values via Group Policy: Computer Configuration\Policies\Windows Settings\Security Settings\Local Policies\Security Options\Network access: Remotely accessible registry paths and sub-paths"
"2.3.10.9 (L1) Ensure 'Network access: Restrict anonymous access to Named Pipes and Shares' is set to 'Enabled' (Automated)","Enabled","==","Set the registry HKLM\SYSTEM\CurrentControlSet\Services\LanManServer\Parameters:RestrictNullSessAccess to DWORD 1 via Group Policy: Computer Configuration\Policies\Windows Settings\Security Settings\Local Policies\Security Options\Network access: Restrict anonymous access to Named Pipes and Shares"
"2.3.10.10 (L1) Ensure 'Network access: Restrict clients allowed to make remote calls to SAM' is set to 'Administrators: Remote Access: Allow' (Automated)","O:BAG:BAD:(A;;RC;;;BA)","==","Set the registry HKLM\SYSTEM\CurrentControlSet\Control\Lsa:restrictremotesam to the above string via Group Policy: Computer Configuration\Policies\Windows Settings\Security Settings\Local Policies\Security Options\Network access: Restrict clients allowed to make remote calls to SAM"
"2.3.10.11 (L1) Ensure 'Network access: Shares that can be accessed anonymously' is set to 'None' (Automated)","","one_of","Set the registry HKLM\SYSTEM\CurrentControlSet\Services\LanManServer\Parameters:NullSessionShares to an empty REG_MULTI_SZ via Group Policy: Computer Configuration\Policies\Windows Settings\Security Settings\Local Policies\Security Options\Network access: Shares that can be accessed anonymously"
"2.3.10.12 (L1) Ensure 'Network access: Sharing and security model for local accounts' is set to 'Classic - local users authenticate as themselves' (Automated)","0","==","Set the registry HKLM\SYSTEM\CurrentControlSet\Control\Lsa:ForceGuest to DWORD 0 via Group Policy: Computer Configuration\Policies\Windows Settings\Security Settings\Local Policies\Security Options\Network access: Sharing and security model for local accounts"
2.3.11.1 (L1) Ensure 'Network security: Allow Local System to use computer identity for NTLM' is set to 'Enabled' (Automated),Enabled,==,Set 'Computer Configuration\Policies\Windows Settings\Security Settings\Local Policies\Security Options\Network security: Allow Local System to use computer identity for NTLM' to 'Enabled'
2.3.11.2 (L1) Ensure 'Network security: Allow LocalSystem NULL session fallback' is set to 'Disabled' (Automated),Disabled,==,Set 'Computer Configuration\Policies\Windows Settings\Security Settings\Local Policies\Security Options\Network security: Allow LocalSystem NULL session fallback' to 'Disabled'
2.3.11.3 (L1) Ensure 'Network Security: Allow PKU2U authentication requests to this computer to use online identities' is set to 'Disabled' (Automated),Disabled,==,Set 'Computer Configuration\Policies\Windows Settings\Security Settings\Local Policies\Security Options\Network Security: Allow PKU2U authentication requests to this computer to use online identities' to 'Disabled'
"2.3.11.4 (L1) Ensure 'Network security: Configure encryption types allowed for Kerberos' is set to 'AES128_HMAC_SHA1, AES256_HMAC_SHA1, Future encryption types' (Automated)","2147483640","==",Set 'Computer Configuration\Policies\Windows Settings\Security Settings\Local Policies\Security Options\Network security: Configure encryption types allowed for Kerberos' to 'AES128_HMAC_SHA1, AES256_HMAC_SHA1, Future encryption types'
2.3.11.5 (L1) Ensure 'Network security: Do not store LAN Manager hash value on next password change' is set to 'Enabled' (Automated),Enabled,==,Set 'Computer Configuration\Policies\Windows Settings\Security Settings\Local Policies\Security Options\Network security: Do not store LAN Manager hash value on next password change' to 'Enabled'
2.3.11.6 (L1) Ensure 'Network security: Force logoff when logon hours expire' is set to 'Enabled' (Manual),Enabled,==,Set 'Computer Configuration\Policies\Windows Settings\Security Settings\Local Policies\Security Options\Network security: Force logoff when logon hours expire' to 'Enabled'
2.3.11.7 (L1) Ensure 'Network security: LAN Manager authentication level' is set to 'Send NTLMv2 response only. Refuse LM & NTLM' (Automated),5,==,"Set via Group Policy: Computer Configuration\Policies\Windows Settings\Security Settings\Local Policies\Security Options\Network security: LAN Manager authentication level to 'Send NTLMv2 response only. Refuse LM & NTLM'"
2.3.11.8 (L1) Ensure 'Network security: LDAP client signing requirements' is set to 'Negotiate signing' or higher (Automated),1,>=,"Set via Group Policy: Computer Configuration\Policies\Windows Settings\Security Settings\Local Policies\Security Options\Network security: LDAP client signing requirements to 'Negotiate signing' or 'Require signing'"
2.3.11.9 (L1) Ensure 'Network security: Minimum session security for NTLM SSP based (including secure RPC) clients' is set to 'Require NTLMv2 session security, Require 128-bit encryption' (Automated),537395200,==,"Set via Group Policy: Computer Configuration\Policies\Windows Settings\Security Settings\Local Policies\Security Options\Network security: Minimum session security for NTLM SSP based (including secure RPC) clients to 'Require NTLMv2 session security, Require 128-bit encryption'"
2.3.11.10 (L1) Ensure 'Network security: Minimum session security for NTLM SSP based (including secure RPC) servers' is set to 'Require NTLMv2 session security, Require 128-bit encryption' (Automated),537395200,==,"Set via Group Policy: Computer Configuration\Policies\Windows Settings\Security Settings\Local Policies\Security Options\Network security: Minimum session security for NTLM SSP based (including secure RPC) servers to 'Require NTLMv2 session security, Require 128-bit encryption'"
2.3.11.11 (L1) Ensure 'Network security: Restrict NTLM: Audit Incoming NTLM Traffic' is set to 'Enable auditing for all accounts' (Automated),2,==,"Set via Group Policy: Computer Configuration\Policies\Windows Settings\Security Settings\Local Policies\Security Options\Network security: Restrict NTLM: Audit Incoming NTLM Traffic to 'Enable auditing for all accounts'"
2.3.11.12 (L1) Ensure 'Network security: Restrict NTLM: Outgoing NTLM traffic to remote servers' is set to 'Audit all' or higher (Automated),1,>=,"Set via Group Policy: Computer Configuration\Policies\Windows Settings\Security Settings\Local Policies\Security Options\Restrict NTLM: Outgoing NTLM traffic to remote servers to 'Audit all' or 'Deny all'"
2.3.14.1 (L2) Ensure 'System cryptography: Force strong key protection for user keys stored on the computer' is set to 'User is prompted when the key is first used' or higher (Automated),"1",>=,"Set via Group Policy: Computer Configuration\Policies\Windows Settings\Security Settings\Local Policies\Security Options\System cryptography: Force strong key protection for user keys stored on the computer to 'User is prompted when the key is first used' or 'User must enter a password each time they use a key'."
2.3.15.1 (L1) Ensure 'System objects: Require case insensitivity for non-Windows subsystems' is set to 'Enabled' (Automated),"1",==,"Set via Group Policy: Computer Configuration\Policies\Windows Settings\Security Settings\Local Policies\Security Options\System objects: Require case insensitivity for non-Windows subsystems to 'Enabled'."
2.3.15.2 (L1) Ensure 'System objects: Strengthen default permissions of internal system objects (e.g. Symbolic Links)' is set to 'Enabled' (Automated),"1",==,"Set via Group Policy: Computer Configuration\Policies\Windows Settings\Security Settings\Local Policies\Security Options\System objects: Strengthen default permissions of internal system objects (e.g. Symbolic Links) to 'Enabled'."
2.3.17.1 (L1) Ensure 'User Account Control: Admin Approval Mode for the Built-in Administrator account' is set to 'Enabled' (Automated),"1",==,"Set via Group Policy: Computer Configuration\Policies\Windows Settings\Security Settings\Local Policies\Security Options\User Account Control: Admin Approval Mode for the Built-in Administrator account to 'Enabled'."
2.3.17.2 (L1) Ensure 'User Account Control: Behavior of the elevation prompt for administrators in Admin Approval Mode' is set to 'Prompt for consent on the secure desktop' or higher (Automated),"1,2",contains_any,"Set via Group Policy: Computer Configuration\Policies\Windows Settings\Security Settings\Local Policies\Security Options\User Account Control: Behavior of the elevation prompt for administrators in Admin Approval Mode to 'Prompt for consent on the secure desktop' or 'Prompt for credentials on the secure desktop'.","{2: "Automatic",3: "Manual",4: "Disabled"}"
2.3.17.3 (L1) Ensure 'User Account Control: Behavior of the elevation prompt for standard users' is set to 'Automatically deny elevation requests' (Automated),Automatically deny elevation requests,==,Set 'Computer Configuration\Policies\Windows Settings\Security Settings\Local Policies\Security Options\User Account Control: Behavior of the elevation prompt for standard users' to 'Automatically deny elevation requests'
2.3.17.4 (L1) Ensure 'User Account Control: Detect application installations and prompt for elevation' is set to 'Enabled' (Automated),Enabled,==,Set 'Computer Configuration\Policies\Windows Settings\Security Settings\Local Policies\Security Options\User Account Control: Detect application installations and prompt for elevation' to 'Enabled'
2.3.17.5 (L1) Ensure 'User Account Control: Only elevate UIAccess applications that are installed in secure locations' is set to 'Enabled' (Automated),Enabled,==,Set 'Computer Configuration\Policies\Windows Settings\Security Settings\Local Policies\Security Options\User Account Control: Only elevate UIAccess applications that are installed in secure locations' to 'Enabled'
2.3.17.6 (L1) Ensure 'User Account Control: Run all administrators in Admin Approval Mode' is set to 'Enabled' (Automated),Enabled,==,Set 'Computer Configuration\Policies\Windows Settings\Security Settings\Local Policies\Security Options\User Account Control: Run all administrators in Admin Approval Mode' to 'Enabled'
2.3.17.7 (L1) Ensure 'User Account Control: Switch to the secure desktop when prompting for elevation' is set to 'Enabled' (Automated),Enabled,==,Set 'Computer Configuration\Policies\Windows Settings\Security Settings\Local Policies\Security Options\User Account Control: Switch to the secure desktop when prompting for elevation' to 'Enabled'
"5.1 (L2) Ensure 'Bluetooth Audio Gateway Service (BTAGService)' is set to 'Disabled'","Disabled",==,"To establish the recommended configuration via GP, set the following UI path to Disabled: Computer Configuration\Policies\Windows Settings\Security Settings\System Services\Bluetooth Audio Gateway Service"
"5.2 (L2) Ensure 'Bluetooth Support Service (bthserv)' is set to 'Disabled' (Automated)","Disabled",==,"To establish the recommended configuration via GP, set the following UI path to Disabled: Computer Configuration\Policies\Windows Settings\Security Settings\System Services\Bluetooth Support Service"
"5.3 (L1) Ensure 'Computer Browser (Browser)' is set to 'Disabled' or 'Not Installed' (Automated)","4,Not Installed",one_of,"Set the 'Computer Browser' service to Disabled or ensure the service is not installed.Computer Configuration\Policies\Windows Settings\Security Settings\System Services\Computer Browser"
"5.4 (L2) Ensure 'Downloaded Maps Manager (MapsBroker)' is set to 'Disabled' (Automated)","4",==,"Set the 'Downloaded Maps Manager' service to Disabled via Group Policy."
"5.5 (L2) Ensure 'Geolocation Service (lfsvc)' is set to 'Disabled' (Automated)","4",==,"Set the 'Geolocation Service' to Disabled via Group Policy."
"5.6 (L1) Ensure 'IIS Admin Service (IISADMIN)' is set to 'Disabled' or 'Not Installed' (Automated)","4,Not Installed",one_of,"Set the 'IIS Admin Service' to Disabled or ensure the service is not installed."




"18.10.9.3.14 (BL) Ensure 'Deny write access to removable drives not protected by BitLocker' is set to 'Enabled' (Automated)","Enabled",==,"To establish the recommended configuration via GP, set the following UI path to Enabled: Computer Configuration\Policies\Administrative Templates\Windows Components\BitLocker Drive Encryption\Removable Data Drives\Deny write access to removable drives not protected by BitLocker"

"18.10.15.1 (L1) Ensure 'Allow Diagnostic Data' is set to 'Enabled: Diagnostic data off (not recommended)' or 'Enabled: Send required diagnostic data' (Automated)","0,1",in,"To establish the recommended configuration via GP, set the following UI path to either: 'Diagnostic data off (not recommended)' or 'Send required diagnostic data': Computer Configuration\Policies\Administrative Templates\Windows Components\Data Collection and Preview Builds\Allow Diagnostic Data"
